Sr.,Category,Quantity,Rate,Amount,% Amount
1,.KALYANI,1,687.82,687.82,0.02
3,WORK--S,1,898.00,898.00,0.02
3,WORK--S,1,921.42,921.42,0.02
3,WORK--S,1,1181.00,1181.00,0.03
4,9 YARD BORDER.,1,473.00,473.00,0.01
4,9 YARD BORDER.,2,399.00,798.00,0.02
4,9 YARD BORDER.,2,389.00,778.00,0.02
5,9 YARD BORDER,6,278.27,1669.62,0.04
5,9 YARD BORDER,1,278.26,278.26,0.01
5,9 YARD BORDER,5,288.76,1443.80,0.03
5,9 YARD BORDER,6,288.77,1732.62,0.04
5,9 YARD BORDER,4,446.00,1784.00,0.04
5,9 YARD BORDER,2,336.00,672.00,0.02
7,..PAITHANI..,2,483.00,966.00,0.02
7,..PAITHANI..,1,1365.00,1365.00,0.03
7,..PAITHANI..,2,268.00,536.00,0.01
8,.BANARASI,1,1260.00,1260.00,0.03
8,.BANARASI,1,1669.51,1669.51,0.04
8,.BANARASI,1,221.00,221.00,0.00
9,.DIGITAL..,1,473.00,473.00,0.01
11,.PAITHANI.,1,813.74,813.74,0.02
12,.PATOLA.,2,263.00,526.00,0.01
12,.PATOLA.,3,630.00,1890.00,0.04
Sr.,Category,Quantity,Rate,Amount,% Amount
14,10 WAR,1,973.00,973.00,0.02
14,10 WAR,1,972.58,972.58,0.02
14,10 WAR,1,923.00,923.00,0.02
14,10 WAR,2,673.32,1346.64,0.03
14,10 WAR,1,847.89,847.89,0.02
15,10 WAR TREDITIONL,1,1732.00,1732.00,0.04
15,10 WAR TREDITIONL,2,787.99,1575.98,0.04
16,10 WAR.,1,1097.25,1097.25,0.02
17,10 YARD,1,1838.00,1838.00,0.04
17,10 YARD,1,1123.53,1123.53,0.03
17,10 YARD,1,1124.00,1124.00,0.03
20,10 YRD,1,588.00,588.00,0.01
20,10 YRD,1,519.76,519.76,0.01
20,10 YRD,1,1312.52,1312.52,0.03
20,10 YRD,1,673.00,673.00,0.02
20,10 YRD,1,822.94,822.94,0.02
21,10 YRD COTTON SILK,1,952.09,952.09,0.02
21,10 YRD COTTON SILK,1,788.00,788.00,0.02
26,9 YARD  BORDER,2,504.00,1008.00,0.02
27,9 YARD BORDER,1,473.00,473.00,0.01
28,9 YARD COTTON,2,306.60,613.20,0.01
29,9 YARD PRINTED,1,378.02,378.02,0.01
29,9 YARD PRINTED,5,284.00,1420.00,0.03
Sr.,Category,Quantity,Rate,Amount,% Amount
31,9 YRD,1,427.43,427.43,0.01
34,BANARASI,1,1654.00,1654.00,0.04
34,BANARASI,1,1890.00,1890.00,0.04
34,BANARASI,1,661.50,661.50,0.01
34,BANARASI,1,1732.00,1732.00,0.04
34,BANARASI,1,1008.00,1008.00,0.02
34,BANARASI,5,220.50,1102.50,0.02
34,BANARASI,2,672.00,1344.00,0.03
34,BANARASI,1,1312.50,1312.50,0.03
34,BANARASI,1,805.60,805.60,0.02
36,BANARASI  JAL,1,787.51,787.51,0.02
37,BANARASI  SHALU,1,1653.75,1653.75,0.04
37,BANARASI  SHALU,1,1758.75,1758.75,0.04
38,BANARASI  SILK,1,698.25,698.25,0.02
39,BANARASI BUTI,1,1338.74,1338.74,0.03
40,BANARASI EM,1,682.49,682.49,0.02
43,BANARASI SHALU,1,1838.00,1838.00,0.04
Sr.,Category,Quantity,Rate,Amount,% Amount
45,BANARASI SILK,1,840.00,840.00,0.02
45,BANARASI SILK,1,1548.73,1548.73,0.03
45,BANARASI SILK,1,1076.00,1076.00,0.02
45,BANARASI SILK,2,761.00,1522.00,0.03
45,BANARASI SILK,2,551.00,1102.00,0.02
45,BANARASI SILK,2,546.00,1092.00,0.02
45,BANARASI SILK,1,829.00,829.00,0.02
46,BANARASI SILK.,1,1706.25,1706.25,0.04
46,BANARASI SILK.,1,1207.49,1207.49,0.03
46,BANARASI SILK.,1,1128.74,1128.74,0.03
46,BANARASI SILK.,1,1102.49,1102.49,0.02
46,BANARASI SILK.,1,1076.24,1076.24,0.02
48,BANDHANI,1,1055.00,1055.00,0.02
50,BATIK,4,420.00,1680.00,0.04
57,BRAIDAL BROKET,1,1884.73,1884.73,0.04
58,BRASO,1,498.76,498.76,0.01
58,BRASO,1,1129.00,1129.00,0.03
59,BRASSO,1,520.00,520.00,0.01
63,BROKET,1,284.00,284.00,0.01
64,BROKET    .,2,551.25,1102.50,0.02
Sr.,Category,Quantity,Rate,Amount,% Amount
67,BROKET SILK.,3,399.00,1197.00,0.03
68,CATLOG SAREE,2,798.00,1596.00,0.04
72,CHANDRAKOR PAITHANI,1,315.00,315.00,0.01
72,CHANDRAKOR PAITHANI,1,640.52,640.52,0.01
73,CHANDRAKOR PAITHANI 1,2,624.00,1248.00,0.03
73,CHANDRAKOR PAITHANI 1,1,1296.77,1296.77,0.03
74,CHANDRAKOR PAITHANI.,2,682.50,1365.00,0.03
78,CHECKS COTTON,2,334.17,668.34,0.02
79,CHIFFON,3,242.00,726.00,0.02
79,CHIFFON,6,315.00,1890.00,0.04
79,CHIFFON,3,168.00,504.00,0.01
80,CHIFFON LAHERIYA,1,551.29,551.29,0.01
81,CHIFFON.,3,393.76,1181.28,0.03
81,CHIFFON.,1,305.00,305.00,0.01
83,CORSA CRAPE SILK,7,192.15,1345.05,0.03
85,COTTAN SILK,1,577.50,577.50,0.01
85,COTTAN SILK,1,908.00,908.00,0.02
85,COTTAN SILK,1,625.00,625.00,0.01
85,COTTAN SILK,1,603.76,603.76,0.01
85,COTTAN SILK,2,814.00,1628.00,0.04
86,COTTON,1,656.00,656.00,0.01
86,COTTON,3,441.02,1323.06,0.03
86,COTTON,2,666.68,1333.36,0.03
87,COTTON   SILK,5,336.00,1680.00,0.04
87,COTTON   SILK,1,367.50,367.50,0.01
87,COTTON   SILK,1,603.75,603.75,0.01
87,COTTON   SILK,1,582.75,582.75,0.01
87,COTTON   SILK,1,368.00,368.00,0.01
87,COTTON   SILK,1,367.51,367.51,0.01
89,COTTON  PRINTS,1,184.53,184.53,0.00
91,COTTON BUTTY,1,413.97,413.97,0.01
92,COTTON EM,1,369.09,369.09,0.01
93,COTTON PAITHANI,1,583.00,583.00,0.01
Sr.,Category,Quantity,Rate,Amount,% Amount
94,COTTON PRINTS,2,364.09,728.18,0.02
95,COTTON SAREE,1,499.00,499.00,0.01
95,COTTON SAREE,1,498.77,498.77,0.01
96,COTTON SAREE .,1,893.00,893.00,0.02
96,COTTON SAREE .,2,504.00,1008.00,0.02
96,COTTON SAREE .,1,893.00,893.00,0.02
96,COTTON SAREE .,1,556.54,556.54,0.01
97,"COTTON SAREE .,",1,520.00,520.00,0.01
98,"COTTON SAREE,",2,347.00,694.00,0.02
98,"COTTON SAREE,",1,357.00,357.00,0.01
99,"COTTON SAREE,,",1,583.00,583.00,0.01
100,COTTON SAREE..,1,588.00,588.00,0.01
100,COTTON SAREE..,5,357.00,1785.00,0.04
101,COTTON SILK,2,524.00,1048.00,0.02
101,COTTON SILK,1,519.75,519.75,0.01
101,COTTON SILK,1,813.76,813.76,0.02
101,COTTON SILK,1,336.00,336.00,0.01
101,COTTON SILK,2,325.50,651.00,0.01
101,COTTON SILK,1,512.68,512.68,0.01
103,COTTON SILK1,2,551.25,1102.50,0.02
104,CRAPE,3,242.00,726.00,0.02
106,DESIGNER,1,913.00,913.00,0.02
112,DHARMA SILK,1,748.12,748.12,0.02
113,DHARMA VARM,1,693.01,693.01,0.02
115,DIGITAL,2,393.76,787.52,0.02
115,DIGITAL,1,709.00,709.00,0.02
116,DIGITAL  FANCY,1,577.50,577.50,0.01
119,DIGITAL FANCY,1,431.00,431.00,0.01
119,DIGITAL FANCY,2,430.50,861.00,0.02
120,DIGITAL PRINT,1,708.76,708.76,0.02
120,DIGITAL PRINT,1,472.50,472.50,0.01
120,DIGITAL PRINT,2,347.00,694.00,0.02
124,DIGITAL..,1,685.00,685.00,0.02
125,DOLA  SILK,1,326.00,326.00,0.01
126,DOLA BUTI,2,829.50,1659.00,0.04
127,DOLA SILK,1,735.00,735.00,0.02
Sr.,Category,Quantity,Rate,Amount,% Amount
131,FANC Y,1,556.50,556.50,0.01
131,FANC Y,2,603.75,1207.50,0.03
131,FANC Y,2,703.50,1407.00,0.03
131,FANC Y,2,635.25,1270.50,0.03
132,FANCY,1,1034.00,1034.00,0.02
132,FANCY,1,278.25,278.25,0.01
132,FANCY,4,231.00,924.00,0.02
132,FANCY,1,735.00,735.00,0.02
132,FANCY,4,367.50,1470.00,0.03
132,FANCY,2,761.25,1522.50,0.03
134,FANCY  SILK,2,341.00,682.00,0.02
137,FANCY NET,1,573.55,573.55,0.01
138,FANCY PATTU SAREE,1,634.72,634.72,0.01
139,FANCY SAREE,1,708.75,708.75,0.02
140,FANCY SAREE.,1,247.00,247.00,0.01
140,FANCY SAREE.,1,278.00,278.00,0.01
140,FANCY SAREE.,1,404.00,404.00,0.01
141,FANCY SILK,1,252.00,252.00,0.01
141,FANCY SILK,1,273.01,273.01,0.01
141,FANCY SILK,1,965.00,965.00,0.02
142,FANCY SILK ..,1,1013.26,1013.26,0.02
142,FANCY SILK ..,1,819.00,819.00,0.02
144,FANCY.,2,630.00,1260.00,0.03
147,GHADWAL,2,714.00,1428.00,0.03
150,GHADWAL EM,3,324.19,972.57,0.02
150,GHADWAL EM,2,503.73,1007.46,0.02
152,GHADWAL.,1,732.38,732.38,0.02
154,HAND WORK B/P,1,1496.25,1496.25,0.03
157,INDURI BORDER,1,383.00,383.00,0.01
158,IRCAL,1,735.00,735.00,0.02
159,IRKAL,1,777.00,777.00,0.02
160,JAL,2,336.00,672.00,0.02
160,JAL,5,368.00,1840.00,0.04
161,JAL WORK,2,787.50,1575.00,0.04
Sr.,Category,Quantity,Rate,Amount,% Amount
166,JARI,1,1102.52,1102.52,0.02
171,KADIYAL SILK,1,1260.00,1260.00,0.03
172,KALMKARI,6,274.00,1644.00,0.04
173,KALYANI,2,693.00,1386.00,0.03
174,KANJIVARAM,1,1045.00,1045.00,0.02
174,KANJIVARAM,1,1354.51,1354.51,0.03
174,KANJIVARAM,2,919.00,1838.00,0.04
174,KANJIVARAM,1,573.57,573.57,0.01
175,KANJIVARM,2,549.00,1098.00,0.02
175,KANJIVARM,2,673.30,1346.60,0.03
176,KANJIWARM,1,862.00,862.00,0.02
176,KANJIWARM,1,1392.00,1392.00,0.03
176,KANJIWARM,2,504.00,1008.00,0.02
176,KANJIWARM,1,656.27,656.27,0.01
176,KANJIWARM,3,278.00,834.00,0.02
178,KERLA,1,629.98,629.98,0.01
179,KERLA COTTON,2,299.26,598.52,0.01
182,KOCHAMPALI SILK,1,599.00,599.00,0.01
186,LINAN,1,378.00,378.00,0.01
186,LINAN,2,368.00,736.00,0.02
188,LINAN.,1,773.00,773.00,0.02
189,LINEN,1,513.70,513.70,0.01
189,LINEN,6,220.50,1323.00,0.03
190,LINEN COTTEN,1,378.00,378.00,0.01
196,MALAI SILK,1,283.00,283.00,0.01
197,MAU  SILK,2,708.74,1417.48,0.03
197,MAU  SILK,2,940.00,1880.00,0.04
197,MAU  SILK,1,761.00,761.00,0.02
197,MAU  SILK,2,488.00,976.00,0.02
197,MAU  SILK,1,467.00,467.00,0.01
197,MAU  SILK,1,315.00,315.00,0.01
Sr.,Category,Quantity,Rate,Amount,% Amount
199,MAU SILK,1,624.76,624.76,0.01
199,MAU SILK,2,708.74,1417.48,0.03
199,MAU SILK,1,887.00,887.00,0.02
199,MAU SILK,2,898.00,1796.00,0.04
202,MAYSURE SILK,1,776.00,776.00,0.02
204,MOSS CRAPE,6,215.25,1291.50,0.03
205,MUL COTTAN,3,625.00,1875.00,0.04
207,MUNIYA PAITHANI,2,648.00,1296.00,0.03
207,MUNIYA PAITHANI,2,648.37,1296.74,0.03
208,NARAYAN PETH,1,540.75,540.75,0.01
208,NARAYAN PETH,1,688.00,688.00,0.02
208,NARAYAN PETH,1,368.00,368.00,0.01
211,NATH PAITHANI,2,514.50,1029.00,0.02
211,NATH PAITHANI,1,1044.76,1044.76,0.02
213,NAUVARI PRINTED,1,550.19,550.19,0.01
213,NAUVARI PRINTED,1,550.00,550.00,0.01
216,NAVVARI PRINTED,3,550.21,1650.63,0.04
221,PAITHANI,1,1228.51,1228.51,0.03
221,PAITHANI,1,1543.52,1543.52,0.03
221,PAITHANI,1,1417.50,1417.50,0.03
221,PAITHANI,1,1575.00,1575.00,0.04
221,PAITHANI,1,1025.00,1025.00,0.02
221,PAITHANI,1,1375.00,1375.00,0.03
221,PAITHANI,1,1845.00,1845.00,0.04
221,PAITHANI,2,748.12,1496.24,0.03
222,PAITHANI  BORDER,1,389.00,389.00,0.01
Sr.,Category,Quantity,Rate,Amount,% Amount
224,PAITHANI BORDER,1,430.50,430.50,0.01
224,PAITHANI BORDER,2,435.78,871.56,0.02
224,PAITHANI BORDER,1,840.00,840.00,0.02
224,PAITHANI BORDER,2,719.00,1438.00,0.03
227,"PAITHANI,",1,399.00,399.00,0.01
227,"PAITHANI,",2,262.50,525.00,0.01
227,"PAITHANI,",4,368.00,1472.00,0.03
227,"PAITHANI,",1,1102.51,1102.51,0.02
227,"PAITHANI,",4,393.75,1575.00,0.04
230,PAITHANI.. ..,7,273.00,1911.00,0.04
231,PAITHANI...,7,199.50,1396.50,0.03
233,PARTY WEAR,1,1459.51,1459.51,0.03
233,PARTY WEAR,1,1564.51,1564.51,0.04
235,PATOLA,1,788.00,788.00,0.02
235,PATOLA,1,1392.00,1392.00,0.03
237,PATOLA SILK,4,304.50,1218.00,0.03
239,PATOLA..,1,1418.00,1418.00,0.03
240,PATU,1,488.26,488.26,0.01
241,PESHWAI,1,635.25,635.25,0.01
241,PESHWAI,1,635.25,635.25,0.01
242,PESHWAI BORDER,4,420.00,1680.00,0.04
244,PETHANI,1,1129.26,1129.26,0.03
245,PETHANI SILK,2,367.51,735.02,0.02
245,PETHANI SILK,2,368.00,736.00,0.02
245,PETHANI SILK,1,393.75,393.75,0.01
245,PETHANI SILK,1,372.75,372.75,0.01
Sr.,Category,Quantity,Rate,Amount,% Amount
245,PETHANI SILK,-1,1313.00,-1313.00,-0.03
247,PLAIN COTTON,3,314.18,942.54,0.02
248,PLAIN.,5,273.00,1365.00,0.03
248,PLAIN.,2,262.50,525.00,0.01
249,PRINTED,1,357.00,357.00,0.01
249,PRINTED,1,367.50,367.50,0.01
249,PRINTED,3,357.00,1071.00,0.02
249,PRINTED,4,367.50,1470.00,0.03
249,PRINTED,1,341.26,341.26,0.01
249,PRINTED,1,830.00,830.00,0.02
249,PRINTED,2,236.25,472.50,0.01
249,PRINTED,10,152.25,1522.50,0.03
249,PRINTED,5,315.00,1575.00,0.04
249,PRINTED,6,310.00,1860.00,0.04
249,PRINTED,1,273.00,273.00,0.01
249,PRINTED,2,341.26,682.52,0.02
250,PRINTED ..,1,179.00,179.00,0.00
251,PRINTED 9 YRD,2,320.26,640.52,0.01
252,PRINTED ART SILK,3,231.00,693.00,0.02
252,PRINTED ART SILK,1,564.00,564.00,0.01
252,PRINTED ART SILK,3,252.00,756.00,0.02
254,PRINTED BORDER,1,494.00,494.00,0.01
254,PRINTED BORDER,1,747.00,747.00,0.02
254,PRINTED BORDER,3,574.00,1722.00,0.04
254,PRINTED BORDER,2,685.00,1370.00,0.03
254,PRINTED BORDER,1,549.00,549.00,0.01
254,PRINTED BORDER,1,723.00,723.00,0.02
254,PRINTED BORDER,2,409.50,819.00,0.02
254,PRINTED BORDER,1,199.50,199.50,0.00
255,PRINTED BORDER 2,1,458.00,458.00,0.01
255,PRINTED BORDER 2,2,416.00,832.00,0.02
255,PRINTED BORDER 2,3,415.80,1247.40,0.03
256,PRINTED COTTON,1,238.00,238.00,0.01
256,PRINTED COTTON,2,210.00,420.00,0.01
256,PRINTED COTTON,2,263.00,526.00,0.01
256,PRINTED COTTON,1,315.00,315.00,0.01
258,PRINTED DESIGNER,1,823.00,823.00,0.02
258,PRINTED DESIGNER,2,623.00,1246.00,0.03
260,PRINTED SILK,1,310.00,310.00,0.01
Sr.,Category,Quantity,Rate,Amount,% Amount
260,PRINTED SILK,1,367.50,367.50,0.01
260,PRINTED SILK,1,425.25,425.25,0.01
260,PRINTED SILK,5,378.00,1890.00,0.04
260,PRINTED SILK,1,352.00,352.00,0.01
260,PRINTED SILK,8,183.75,1470.00,0.03
260,PRINTED SILK,1,325.50,325.50,0.01
260,PRINTED SILK,5,331.00,1655.00,0.04
260,PRINTED SILK,2,539.00,1078.00,0.02
261,PURE SILK,2,473.00,946.00,0.02
263,RAW SILK,3,582.76,1748.28,0.04
263,RAW SILK,7,273.00,1911.00,0.04
263,RAW SILK,2,351.75,703.50,0.02
264,RAW SILK .,1,577.50,577.50,0.01
265,ROSE GOLD BROKET,2,341.25,682.50,0.02
267,SAMBALPURI COTTEN,2,924.00,1848.00,0.04
268,SAMBAL-PURI COTTON,2,777.00,1554.00,0.04
271,SATIN,3,630.00,1890.00,0.04
272,SATON,2,546.00,1092.00,0.02
274,SEMI,1,273.00,273.00,0.01
276,SEMI KANJIVARM,1,431.00,431.00,0.01
277,SEMI KANJIWARM,1,659.00,659.00,0.01
279,SEMI PAITHANI,1,367.50,367.50,0.01
279,SEMI PAITHANI,5,368.00,1840.00,0.04
280,SHALLU,1,934.51,934.51,0.02
280,SHALLU,1,1354.51,1354.51,0.03
281,SHALLU .,1,1549.00,1549.00,0.03
285,SHELA,2,415.00,830.00,0.02
285,SHELA,3,494.00,1482.00,0.03
285,SHELA,2,394.00,788.00,0.02
286,SILK,1,309.38,309.38,0.01
286,SILK,3,312.02,936.06,0.02
Sr.,Category,Quantity,Rate,Amount,% Amount
289,SILK SAREE,3,273.00,819.00,0.02
290,SIROSKI WORK.,1,1258.95,1258.95,0.03
291,SOFT  SILK,1,1144.50,1144.50,0.03
291,SOFT  SILK,1,1649.00,1649.00,0.04
291,SOFT  SILK,1,525.00,525.00,0.01
293,SOFT SILK,1,525.00,525.00,0.01
293,SOFT SILK,1,473.00,473.00,0.01
293,SOFT SILK,1,499.00,499.00,0.01
293,SOFT SILK,1,367.50,367.50,0.01
293,SOFT SILK,1,1077.00,1077.00,0.02
293,SOFT SILK,1,922.70,922.70,0.02
293,SOFT SILK,2,656.00,1312.00,0.03
294,SOFT SILK .,1,735.00,735.00,0.02
294,SOFT SILK .,2,939.76,1879.52,0.04
294,SOFT SILK .,2,939.76,1879.52,0.04
295,SOFT TISSUE,2,761.00,1522.00,0.03
296,SOFTY SILK,1,350.00,350.00,0.01
296,SOFTY SILK,2,505.00,1010.00,0.02
296,SOFTY SILK,1,588.00,588.00,0.01
297,SOUTH  SILK,2,735.00,1470.00,0.03
299,SOUTH BROKET,1,998.00,998.00,0.02
300,SOUTH BROKET1,1,588.00,588.00,0.01
302,SOUTH SILK,1,1044.75,1044.75,0.02
302,SOUTH SILK,1,688.00,688.00,0.02
302,SOUTH SILK,1,645.77,645.77,0.01
302,SOUTH SILK,1,777.00,777.00,0.02
302,SOUTH SILK,3,473.00,1419.00,0.03
302,SOUTH SILK,1,278.25,278.25,0.01
302,SOUTH SILK,1,630.00,630.00,0.01
Sr.,Category,Quantity,Rate,Amount,% Amount
302,SOUTH SILK,3,483.00,1449.00,0.03
302,SOUTH SILK,3,415.00,1245.00,0.03
304,SYNTHETIC.,6,187.00,1122.00,0.03
305,TAKSHILA,2,724.50,1449.00,0.03
306,TAKSHILA.,2,325.50,651.00,0.01
306,TAKSHILA.,2,588.00,1176.00,0.03
309,TISSU SILK,1,1307.28,1307.28,0.03
309,TISSU SILK,2,740.00,1480.00,0.03
314,TUSSER SILK,1,656.00,656.00,0.01
314,TUSSER SILK,2,840.00,1680.00,0.04
314,TUSSER SILK,2,446.25,892.50,0.02
317,VALKALAM,2,331.00,662.00,0.01
317,VALKALAM,1,410.00,410.00,0.01
317,VALKALAM,1,504.00,504.00,0.01
317,VALKALAM,1,448.88,448.88,0.01
317,VALKALAM,1,448.89,448.89,0.01
321,WHITE SPL,3,314.21,942.63,0.02
322,WORK -- S,2,935.00,1870.00,0.04
322,WORK -- S,1,1460.00,1460.00,0.03
322,WORK -- S,2,830.00,1660.00,0.04
323,WORK ES,1,1670.00,1670.00,0.04
323,WORK ES,1,1880.00,1880.00,0.04
323,WORK ES,3,625.00,1875.00,0.04
Sr.,Category,Quantity,Rate,Amount,% Amount
323,WORK ES,1,819.00,819.00,0.02
323,WORK ES,1,871.50,871.50,0.02
323,WORK ES,1,997.50,997.50,0.02
323,WORK ES,1,619.50,619.50,0.01
324,WORK SAREE,1,1314.00,1314.00,0.03
324,WORK SAREE,1,1125.00,1125.00,0.03
324,WORK SAREE,1,1125.00,1125.00,0.03
324,WORK SAREE,1,1502.55,1502.55,0.03
324,WORK SAREE,1,1502.55,1502.55,0.03
324,WORK SAREE,1,1459.50,1459.50,0.03
324,WORK SAREE,1,1039.50,1039.50,0.02
324,WORK SAREE,1,1249.51,1249.51,0.03
324,WORK SAREE,1,1669.51,1669.51,0.04
326,WORK-S.,1,598.00,598.00,0.01
326,WORK-S.,1,1012.00,1012.00,0.02
326,WORK-S.,1,983.00,983.00,0.02
326,WORK-S.,2,574.00,1148.00,0.03
326,WORK-S.,3,408.97,1226.91,0.03
326,WORK-S.,1,738.00,738.00,0.02
326,WORK-S.,2,539.80,1079.60,0.02
326,WORK-S.,1,1491.00,1491.00,0.03
Sr.,Category,Quantity,Rate,Amount,% Amount
326,WORK-S.,1,834.68,834.68,0.02
326,WORK-S.,1,473.00,473.00,0.01
,Total :,5856,,,
